run,K_views,pool,patches,template,npts_train,npts_eval,bottleneck,encoder_init,encoder_train,aug,loss,loss_w,lr,batch,seed,nepoch,best_chamfer,best_chamfer_ep,best_fscore,best_fscore_ep,final_chamfer,final_fscore,qual_micro_ch,qual_micro_f,qual_macro_ch,qual_macro_f,n_test,status,notes
a1_k3_max,3,max,25,SQUARE,2500,2500,1024,imagenet,finetuned,none,chamfer,0.0,0.001,8,-1,50,0.04651217204001215,11,0.09291193634271622,12,0.052108320924970836,0.05003940479622947,0.0460563541211777,0.09248176629242658,0.0477490129696466,0.0912556663944017,260,OK,
a1_k3_attn,3,attn,25,SQUARE,2500,2500,1024,imagenet,finetuned,none,chamfer,0.0,0.001,8,-1,50,0.06574219548039967,34,0.09488141702281104,3,2064.5062569806146,0.05733060547047191,0.057807728939612994,0.0614910525419823,0.0594318943147015,0.06125977511583702,260,OK,
a1_k5_max,5,max,25,SQUARE,2500,2500,1024,imagenet,finetuned,none,chamfer,0.0,0.001,8,-1,50,0.053737382094065346,17,0.09317540046241549,2,0.33499030272165936,0.041393668494290776,0.0517163786697579,0.08083195130201337,0.05409282256124199,0.08151632178687249,260,OK,
a1_k5_attn,5,attn,25,SQUARE,2500,2500,1024,imagenet,finetuned,none,chamfer,0.0,0.001,8,-1,50,0.056586981233623296,14,0.09636813484960133,2,173187.57032625543,0.06645481040080388,4.133951344595972,0.08653487091801551,3.3041963687926748,0.08431904791715018,260,OK,
a1_k8_max,8,max,25,SQUARE,2500,2500,1024,imagenet,finetuned,none,chamfer,0.0,0.001,8,-1,50,0.06599624206622441,33,0.08251947744025125,1,1.087423333691226,0.03917541810207897,0.06690153917789535,0.07453163614053208,0.060631540351671086,0.07743784056241214,260,OK,
a1_k8_attn,8,attn,25,SQUARE,2500,2500,1024,imagenet,finetuned,none,chamfer,0.0,0.001,8,-1,50,0.060704423735539116,27,0.08377090841531754,8,0.20072749505440393,0.0647607184946537,71.52725725891432,0.07186799754891662,43.293077008751176,0.07178025630787471,260,OK,
a2_p1_sq,1,none,1,SQUARE,2500,2500,1024,imagenet,finetuned,none,chamfer,0.0,0.001,8,-1,50,0.04561556213431888,50,0.08204326530297597,22,0.04561556213431888,0.061559423390361995,0.045968209693150644,0.07051539603690471,0.048691106018120565,0.07031340387897762,260,OK,
a2_p10_sq,1,none,10,SQUARE,2500,2500,1024,imagenet,finetuned,none,chamfer,0.0,0.001,8,-1,50,0.1267646989888615,15,0.07854702572027843,15,86.66420067681207,0.03584377095103264,0.12524693945575913,0.08371779708640031,0.10757525738666855,0.08536732451777329,260,OK,
a2_p25_sphere,1,none,25,SPHERE,2500,2500,1024,imagenet,finetuned,none,chamfer,0.0,0.001,8,-1,50,0.036068759858608246,39,0.13152664485904905,34,0.05003000506096416,0.10973243332571453,0.0359258131934775,0.14678234692654396,0.03788931934247529,0.14160458129308687,260,OK,
a2_p25_4096,1,none,25,SQUARE,4096,4096,1024,imagenet,finetuned,none,chamfer,0.0,0.001,8,-1,50,0.04688040167093277,10,0.08909631354941262,10,582.8948249816895,0.0423554852604866,0.0478861337935228,0.10096532550131064,0.049208601104751996,0.09758345474948842,260,OK,
a2_p25_bn512,1,none,25,SQUARE,2500,2500,512,imagenet,finetuned,none,chamfer,0.0,0.001,8,-1,50,0.0831894502043724,24,0.07906718138191435,8,0.4178321750627624,0.05585579408539666,0.08373196438573072,0.07382624048338282,0.07232585041867046,0.07480104247430429,260,OK,
a3_lr3e4,1,none,25,SQUARE,2500,2500,1024,imagenet,finetuned,none,chamfer,0.0,0.0003,8,-1,50,0.16403056184450784,22,0.08060628506872389,24,4.439744547837311,0.07297170079416698,0.1713927648065993,0.056661959760918486,0.1721528430162724,0.05842990183558182,260,OK,
a3_bs16,1,none,25,SQUARE,2500,2500,1024,imagenet,finetuned,none,chamfer,0.0,0.001,16,-1,50,0.05010243091318342,47,0.08558411813444561,11,0.12704778297079933,0.046197093195385404,0.05143979991450471,0.06587599380218011,0.06182245444965195,0.06629444157234375,260,OK,
a3_bs32,1,none,25,SQUARE,2500,2500,1024,imagenet,finetuned,none,chamfer,0.0,0.001,32,-1,50,0.05285551274816195,48,0.09421329448620479,10,0.06391555319229762,0.059651328457726374,0.051389779510190074,0.07251879377729127,0.05292556323165442,0.07090650120010669,260,OK,
a3_aug_rot,1,none,25,SQUARE,2500,2500,1024,imagenet,finetuned,random_rotation,chamfer,0.0,0.001,8,-1,50,0.05411182799273067,43,0.08615856245160103,9,0.168557804905706,0.04784531187680033,0.05393507184746004,0.06913336057502856,0.05769909551570772,0.06782464576190696,260,OK,
a3_aug_flip,1,none,25,SQUARE,2500,2500,1024,imagenet,finetuned,data_augmentation_random_flips,chamfer,0.0,0.001,8,-1,50,0.07557891764574581,25,0.08232646435499191,12,3.7266192966037326,0.054509267624881536,0.07847826715769492,0.07466988109884692,0.07416425983746118,0.07685574519728368,260,OK,
a3_aug_aniso,1,none,25,SQUARE,2500,2500,1024,imagenet,finetuned,anisotropic_scaling,chamfer,0.0,0.001,8,-1,50,0.0444109116991361,49,0.09440010123782688,1,11.302736615141233,0.035325505667262606,0.04507232726951801,0.06400781914144005,0.047655575316625905,0.06382270237850483,260,OK,
a3_frozen,1,none,25,SQUARE,2500,2500,1024,imagenet,frozen,none,chamfer,0.0,0.001,8,-1,50,0.04212144927846061,43,0.1064375498228603,13,0.0462593427962727,0.059224853499068156,0.042324174907341985,0.08832503766122242,0.04423400936754276,0.08723502412690935,260,OK,
a2_p25_sphere_s7,1,none,25,SPHERE,2500,2500,1024,imagenet,finetuned,none,chamfer,0.0,0.001,8,7,50,0.03476879600849417,47,0.14631705234448114,8,0.04607391564382447,0.10999683083759414,0.03578424379552802,0.14816573666920824,0.037080681312051236,0.13976214808477208,260,OK,
a2_p25_sphere_s123,1,none,25,SPHERE,2500,2500,1024,imagenet,finetuned,none,chamfer,0.0,0.001,8,123,50,0.035711860905090966,46,0.14896801031298107,17,0.039339400000042386,0.09504185699754292,0.03601379589937317,0.14832605389119505,0.037987865684720165,0.14347489052683352,260,OK,
a4_edge1e3,1,none,25,SQUARE,2500,2500,1024,imagenet,finetuned,none,chamfer+edge,0.001,0.001,8,-1,50,0.0449589958621396,49,0.0915172580215666,9,0.1454354143804974,0.048057361195484795,0.045687298097496026,0.06612489194832721,0.048094079861261484,0.06456992630663717,260,OK,rerun after gather-dim fix
a4_edge1e2,1,none,25,SQUARE,2500,2500,1024,imagenet,finetuned,none,chamfer+edge,0.01,0.001,8,-1,50,0.06704063506589995,15,0.09287349300252067,1,23.18298007423679,0.045791746841536626,0.0680394883844285,0.09695028115191516,0.07338442532953586,0.09591617291402163,260,OK,rerun after gather-dim fix
