tag,views,fusion,preprocessing,guidance,points,seeds,denoise,n_objects,micro_chamfer,micro_fscore,macro_chamfer,macro_fscore,noise
default,[0],first,masked,3.0,4096,[0],False,5,0.1439457853191123,0.0744628,0.1439457853191123,0.0744628,"cup,hammer,medicine_bottle,shampoo,teapot"
p1_best,"[0, 8, 16]",best,masked,3.0,4096,[0],False,5,0.13173838414722905,0.0695824,0.13173838414722905,0.0695824,"cup,hammer,medicine_bottle,shampoo,teapot"
p1_median,"[0, 8, 16]",median,masked,3.0,4096,[0],False,5,0.13527812532689026,0.0670352,0.13527812532689026,0.0670352,"cup,hammer,medicine_bottle,shampoo,teapot"
p1_v12,[12],first,masked,3.0,4096,[0],False,5,0.1416561929122874,0.083816,0.1416561929122874,0.083816,"cup,hammer,medicine_bottle,shampoo,teapot"
p2_1k,[0],first,masked,3.0,1024,[0],False,5,0.1440087181346126,0.0510518,0.14400871813461258,0.0510518,"cup,hammer,medicine_bottle,shampoo,teapot"
p2_g1,[0],first,masked,1.0,4096,[0],False,5,0.14752660268463258,0.102074,0.14752660268463258,0.102074,"cup,hammer,medicine_bottle,shampoo,teapot"
p2_g3.0_s012_1k,[0],first,masked,3.0,1024,"[0, 1, 2]",False,5,0.144798864919689,0.05433186666666667,0.14479886491968902,0.05433186666666667,"cup,hammer,medicine_bottle,shampoo,teapot"
p2_g3.0_s012_4k,[0],first,masked,3.0,4096,"[0, 1, 2]",False,5,0.14373993246735786,0.08383533333333335,0.14373993246735783,0.08383533333333335,"cup,hammer,medicine_bottle,shampoo,teapot"
p2_g5,[0],first,masked,5.0,4096,[0],False,5,0.14296729142857303,0.0769158,0.14296729142857303,0.0769158,"cup,hammer,medicine_bottle,shampoo,teapot"
p3_crop,[0],first,crop,3.0,4096,[0],False,5,0.14264470224822512,0.0715946,0.14264470224822512,0.07159460000000001,"cup,hammer,medicine_bottle,shampoo,teapot"
p3_raw,[0],first,raw,3.0,4096,[0],False,5,0.14035585705807435,0.07553299999999999,0.14035585705807435,0.07553299999999999,"cup,hammer,medicine_bottle,shampoo,teapot"
p4_den,[0],first,masked,3.0,4096,[0],True,5,0.14413339946576942,0.07436680000000001,0.14413339946576947,0.0743668,"cup,hammer,medicine_bottle,shampoo,teapot"
