object,category,registered,status,f_ceiling_1,f_ceiling_2,f_ceiling_5,n_pred,chamfer_l1,precision_1,recall_1,f_1,precision_2,recall_2,f_2,precision_5,recall_5,f_5
battery/battery_001,battery,24,ok,0.1318359375,0.51123046875,0.98828125,3772,0.07700364082999268,0.07635206786850478,0.051513671875,0.06152039442380311,0.3846765641569459,0.22119140625,0.280876871969787,0.9875397667020148,0.59326171875,0.7412310080921864
battery/battery_002,battery,24,ok,0.175537109375,0.56640625,0.99609375,1038,0.11981275653988896,0.07032755298651253,0.017578125,0.028126204032706877,0.43641618497109824,0.114501953125,0.18140809713487968,0.9913294797687862,0.38818359375,0.557903868305348
battery/battery_003,battery,24,ok,0.180419921875,0.557861328125,0.9912109375,1124,0.1572820492716442,0.1094306049822064,0.02685546875,0.0431270798536293,0.4795373665480427,0.1083984375,0.17682577212945175,0.9866548042704626,0.307373046875,0.46872421352294047
bed/bed_001,bed,24,ok,0.218017578125,0.641845703125,0.998291015625,1846,0.12269356536187208,0.056338028169014086,0.022216796875,0.03186692930619391,0.39111592632719394,0.124755859375,0.1891710493055203,0.9972914409534128,0.37890625,0.5491652289969524
bed/bed_002,bed,24,ok,0.313232421875,0.81591796875,0.99951171875,320,0.09112195611944858,0.190625,0.015869140625,0.029299184204303618,0.74375,0.0849609375,0.1525011784115013,0.996875,0.393798828125,0.5645726536989571
book/book_010,book,24,ok,0.241943359375,0.693359375,1.0,2304,0.07125457322801498,0.2508680555555556,0.114013671875,0.15677621552300944,0.6948784722222222,0.282470703125,0.40166363380887615,0.9969618055555556,0.576171875,0.7302893071458133
book/book_012,book,24,ok,0.245361328125,0.691650390625,0.9990234375,1987,0.07493523406773282,0.2299949672873679,0.087890625,0.1271803561544717,0.6401610468042275,0.240478515625,0.34962085480641475,0.9994967287367891,0.531982421875,0.6943805799734587
book/book_013,book,24,ok,0.2607421875,0.701904296875,0.999755859375,2156,0.07474254101529824,0.25139146567717996,0.098876953125,0.14193013605275034,0.6961966604823747,0.248046875,0.36577302259182365,0.9944341372912802,0.539306640625,0.6993423421055508
book/book_018,book,24,ok,0.26806640625,0.711181640625,0.999267578125,3481,0.0657221242644076,0.2217753519103706,0.12060546875,0.15624309926448146,0.6607296753806378,0.27978515625,0.39310885750706226,0.9982763573685722,0.5966796875,0.7469186713573677
bottle/bottle_040,bottle,24,ok,0.17236328125,0.561279296875,0.992431640625,268,0.34914714041164474,0.08208955223880597,0.00537109375,0.01008249312557287,0.43283582089552236,0.028076171875,0.05273185810623849,0.9813432835820896,0.108154296875,0.1948356650490145
bottle/bottle_042,bottle,24,ok,0.202392578125,0.603515625,0.996337890625,299,0.41612638355258647,0.07692307692307693,0.003662109375,0.0069913773013283624,0.5819397993311036,0.01708984375,0.03320456794532424,0.9933110367892977,0.041015625,0.07877834826926357
bottle/bottle_052,bottle,24,ok,0.211181640625,0.612548828125,0.99658203125,3167,0.09719788292842327,0.13545942532365013,0.08447265625,0.10405591934849556,0.6056204610041048,0.2568359375,0.3607025216369385,0.9958951689295864,0.51025390625,0.6747796862023563
bottle/bottle_054,bottle,24,ok,0.2373046875,0.689208984375,0.999267578125,410,0.16663738869024272,0.0951219512195122,0.010009765625,0.018113438381458364,0.5707317073170731,0.05517578125,0.10062371328216271,0.9975609756097561,0.16943359375,0.2896677422844325
bowl/bowl_002,bowl,24,ok,0.135498046875,0.421875,0.96728515625,359,0.2836108611283692,0.027855153203342618,0.002197265625,0.004073227580276527,0.30919220055710306,0.022705078125,0.04230364947350951,0.9442896935933147,0.075439453125,0.13971690091532035
bowl/bowl_003,bowl,24,ok,0.1142578125,0.3984375,0.962890625,529,0.300869611324317,0.06427221172022685,0.007080078125,0.012755085540571132,0.33081285444234404,0.03369140625,0.06115456785371523,0.9187145557655955,0.108642578125,0.194307343778989
bowl/bowl_008,bowl,24,ok,0.148193359375,0.453125,0.980224609375,365,0.23296226341612222,0.07397260273972603,0.00537109375,0.010015005648193421,0.410958904109589,0.030029296875,0.055968875844652245,0.9753424657534246,0.138671875,0.24282015687819122
bowl/bowl_017,bowl,24,ok,0.116943359375,0.39501953125,0.95849609375,208,0.2975982278014067,0.014423076923076924,0.0009765625,0.001829268292682927,0.28846153846153844,0.013671875,0.026106414719045252,0.9182692307692307,0.054931640625,0.10366212539318037
boxed_beverage/boxed_beverage_001,boxed_beverage,24,ok,0.17724609375,0.554443359375,0.99462890625,5843,0.07072166536186623,0.12904329967482459,0.126708984375,0.12786548908404172,0.5154886188601746,0.35302734375,0.41906328883731603,0.9888755776142393,0.667724609375,0.797170692082307
boxed_beverage/boxed_beverage_003,boxed_beverage,24,ok,0.177490234375,0.547119140625,0.99169921875,1097,0.2456251642668813,0.13126709206927986,0.01953125,0.034003164183333726,0.4986326344576117,0.048583984375,0.08854102484326799,0.9972652689152234,0.127685546875,0.22638565073875982
boxed_beverage/boxed_beverage_005,boxed_beverage,24,ok,0.2734375,0.731201171875,1.0,4037,0.06969495818234285,0.17735942531582857,0.127685546875,0.14847800999467295,0.6584097101808274,0.300048828125,0.4122349670233555,0.9987614565271241,0.60693359375,0.7550398564215192
boxed_beverage/boxed_beverage_009,boxed_beverage,24,ok,0.217041015625,0.60595703125,0.99755859375,4648,0.07567052091502327,0.14931153184165233,0.1220703125,0.1343236898988585,0.5662650602409639,0.30810546875,0.3990742048994476,0.9916092943201377,0.586181640625,0.7368063158808659
brush/brush_003,brush,24,ok,0.38916015625,0.85986328125,1.0,1487,0.07307036850127076,0.23335574983187626,0.078369140625,0.11733352153832298,0.788836583725622,0.287353515625,0.4212545083325871,0.9979825151311366,0.625,0.7686331382400166
brush/brush_022,brush,24,ok,0.42236328125,0.8984375,1.0,396,0.07523194731362758,0.33585858585858586,0.035400390625,0.06404976518960856,0.8282828282828283,0.14404296875,0.24540810891696807,1.0,0.43994140625,0.6110545947778908
brush/brush_024,brush,24,ok,0.44775390625,0.911865234375,1.0,924,0.05595050542623553,0.23484848484848486,0.0576171875,0.09253263179196601,0.8084415584415584,0.262939453125,0.39681715275003326,1.0,0.682373046875,0.811203018429836
brush/brush_028,brush,24,ok,0.709716796875,0.99560546875,1.0,325,0.1455868299066617,0.20923076923076922,0.021484375,0.038967466333255193,0.5938461538461538,0.11279296875,0.18957815533051692,0.9969230769230769,0.333251953125,0.49952307778321803
cabinet/cabinet_001,cabinet,24,ok,0.118896484375,0.392333984375,0.9580078125,2478,0.17467509212285387,0.03470540758676352,0.0185546875,0.024181255827031505,0.21993543179983857,0.0869140625,0.12459190724125442,0.9334140435835351,0.2666015625,0.4147440103566299
cabinet/cabinet_005,cabinet,24,gt_unreliable,,,,,,,,,,,,,,
cabinet/cabinet_006,cabinet,24,ok,0.12109375,0.430419921875,0.975830078125,1232,0.19760832111524138,0.01461038961038961,0.003173828125,0.005214833303619184,0.12175324675324675,0.02099609375,0.035815823375238774,0.6737012987012987,0.126953125,0.21364644384603199
cabinet/cabinet_007,cabinet,24,ok,0.154052734375,0.485595703125,0.979248046875,2232,0.1557776034968621,0.062275985663082435,0.02197265625,0.032484056586135984,0.36693548387096775,0.092041015625,0.14716707561900513,0.9816308243727598,0.284423828125,0.44105394079596244
candle/candle_004,candle,24,ok,0.25634765625,0.704345703125,0.99951171875,7104,0.08306400414365703,0.07446509009009009,0.097900390625,0.08458957533145328,0.4166666666666667,0.319091796875,0.3614091361575047,0.9431306306306306,0.61279296875,0.7428948558827271
candle/candle_006,candle,24,ok,0.212646484375,0.610107421875,0.99609375,3063,0.09931908193546865,0.059092393078681034,0.042724609375,0.04959288430179717,0.33202742409402547,0.19189453125,0.2432203737933867,0.9957557949722494,0.5576171875,0.7148966179977599
candle/candle_008,candle,24,ok,0.531494140625,0.952392578125,1.0,2380,0.04435545324676861,0.2815126050420168,0.15234375,0.19769993190587878,0.7798319327731092,0.468994140625,0.5857286533867317,0.9810924369747899,0.866455078125,0.9202172254616401
candle/candle_009,candle,24,ok,0.635498046875,0.980712890625,1.0,797,0.047221218460760786,0.5445420326223338,0.111328125,0.1848623321887482,0.9698870765370138,0.344970703125,0.5089259567385749,0.998745294855709,0.762939453125,0.8650607776922473
candy/candy_015,candy,24,ok,0.56005859375,0.96142578125,1.0,1340,0.042641184364006886,0.291044776119403,0.09619140625,0.14459395878422884,0.8791044776119403,0.414306640625,0.5631911118473579,0.9977611940298508,0.86181640625,0.9248196648584164
candy/candy_039,candy,24,ok,0.38525390625,0.873046875,1.0,1508,0.06294120184576463,0.2539787798408488,0.093994140625,0.1372090513029998,0.8149867374005305,0.343994140625,0.4837882447732539,0.9986737400530504,0.66796875,0.8005110319488221
candy/candy_044,candy,24,ok,0.1337890625,0.424072265625,0.97021484375,2595,0.1290490454158178,0.03005780346820809,0.01220703125,0.017362734229962738,0.22042389210019267,0.0703125,0.10661585776268238,0.9364161849710982,0.280517578125,0.4317099390139958
candy/candy_049,candy,24,ok,0.25537109375,0.7529296875,0.9990234375,1541,0.08142991183265752,0.13562621674237507,0.043701171875,0.06610283743394973,0.5840363400389358,0.185546875,0.2816228723886066,0.9993510707332901,0.596435546875,0.747027824166446
canned_beverage/canned_beverage_001,canned_beverage,24,ok,0.162109375,0.515625,0.989501953125,4619,0.12665323640307793,0.05260878978133795,0.045654296875,0.048885443937085035,0.4048495345312838,0.15576171875,0.22496893868839332,0.9919896081402901,0.364501953125,0.5331137472164845
canned_beverage/canned_beverage_002,canned_beverage,24,ok,0.206298828125,0.6318359375,0.998046875,5012,0.07034458603095055,0.15981644054269753,0.1259765625,0.1408930631345567,0.5889864325618516,0.302978515625,0.400128358011377,0.9908220271348763,0.6142578125,0.7583674729889247
chair/chair_001,chair,24,ok,0.300537109375,0.762451171875,1.0,157,0.171649554204936,0.24203821656050956,0.009033203125,0.017416401890286575,0.732484076433121,0.033447265625,0.06397333057218672,0.9745222929936306,0.150634765625,0.26093590415129697
chair/chair_002,chair,24,ok,0.21240234375,0.639892578125,0.996826171875,1303,0.23964254125787438,0.00844205679201842,0.001953125,0.003172314347512617,0.03683806600153492,0.00732421875,0.01221902604179925,0.28089025326170375,0.064697265625,0.10517064612338439
chair/chair_018,chair,24,ok,0.317626953125,0.794677734375,1.0,322,0.11606984697058753,0.13975155279503104,0.01025390625,0.019105962273306243,0.5714285714285714,0.061279296875,0.1106884956727854,0.9813664596273292,0.301025390625,0.4607269171235963
chair/chair_026,chair,24,ok,0.228759765625,0.671142578125,0.999755859375,1407,0.07923157720739986,0.12082444918265814,0.037353515625,0.057065065363743166,0.5366027007818053,0.146728515625,0.23044437565752102,0.9964463397299218,0.491943359375,0.6586919542623154
chocolate/chocolate_003,chocolate,24,ok,0.291259765625,0.765380859375,0.999755859375,1944,0.07940325018659909,0.2345679012345679,0.095458984375,0.13569569386729988,0.7407407407407407,0.29052734375,0.417360806663744,0.9963991769547325,0.570556640625,0.7256135249593655
chocolate/chocolate_013,chocolate,24,ok,0.192138671875,0.555908203125,0.994873046875,1258,0.12495953059848185,0.051669316375198726,0.014404296875,0.022528211665325353,0.4332273449920509,0.123291015625,0.191954275511663,0.9952305246422893,0.39404296875,0.564559235292244
chocolate/chocolate_026,chocolate,24,ok,0.319091796875,0.7509765625,0.999755859375,1781,0.06816615137860409,0.20718697361033128,0.086669921875,0.12221512642517841,0.7001684446939921,0.268798828125,0.3884640125694038,0.9988770353733858,0.60693359375,0.7550728806976059
chocolate/chocolate_029,chocolate,24,ok,0.24609375,0.667236328125,0.999267578125,1315,0.07938128649362108,0.11178707224334601,0.0322265625,0.05003016661252147,0.48365019011406846,0.160400390625,0.24090554916084153,0.9961977186311787,0.56591796875,0.7217982559873923
clock/clock_044,clock,24,ok,0.15478515625,0.503662109375,0.989501953125,1753,0.2153552125210368,0.0068454078722190535,0.002197265625,0.0033267107147807603,0.050770108385624645,0.01318359375,0.02093178225023192,0.34512264689104394,0.12109375,0.17928239247119104
clock/clock_047,clock,24,ok,0.19384765625,0.57958984375,0.99609375,1114,0.08833294058394062,0.10771992818671454,0.02685546875,0.04299254144546135,0.5350089766606823,0.136474609375,0.21747409056698855,0.9883303411131059,0.46044921875,0.6282197044185941
clock/clock_052,clock,24,ok,0.168701171875,0.548828125,0.99365234375,1423,0.0986158627894931,0.09416725228390724,0.029052734375,0.04440539626093531,0.5017568517217147,0.143310546875,0.2229442969058565,0.9957835558678847,0.43994140625,0.6102650987455245
clock/clock_054,clock,24,ok,0.16748046875,0.543701171875,0.994140625,3281,0.08546225475711576,0.06339530630905212,0.037353515625,0.04700873954271947,0.3425784821700701,0.170166015625,0.227385044989951,0.973483693995733,0.57080078125,0.7196410531530864
cup/cup_001,cup,24,ok,0.146728515625,0.463623046875,0.980224609375,832,0.1551008302122884,0.04927884615384615,0.0087890625,0.014917529107373867,0.37259615384615385,0.05078125,0.08938076650106458,0.9759615384615384,0.18701171875,0.31387866162839523
cup/cup_016,cup,24,ok,0.134765625,0.43310546875,0.980712890625,815,0.18572391568645163,0.0785276073619632,0.00830078125,0.015014455553485549,0.39263803680981596,0.035888671875,0.06576606490624072,0.9656441717791411,0.1484375,0.25732010566076696
cup/cup_022,cup,24,ok,0.12890625,0.43115234375,0.970703125,477,0.3655983372634828,0.0,0.0,0.0,0.2348008385744235,0.016357421875,0.030584193140157857,0.9538784067085954,0.051513671875,0.09774849095899003
cup/cup_032,cup,24,ok,0.15869140625,0.479248046875,0.9853515625,172,0.2957873152022508,0.029069767441860465,0.0009765625,0.001889644746787604,0.19767441860465115,0.008544921875,0.016381707552104843,0.9244186046511628,0.0576171875,0.10847343955967716
dish/dish_003,dish,24,ok,0.179443359375,0.556396484375,0.99365234375,526,0.14647111884083377,0.0779467680608365,0.008544921875,0.015401457503783286,0.43155893536121676,0.04345703125,0.07896269371323601,0.9695817490494296,0.1806640625,0.3045759018642563
dish/dish_007,dish,24,ok,0.16943359375,0.52001953125,0.988037109375,789,0.19657315392275287,0.06590621039290241,0.009765625,0.01701069711145278,0.3561470215462611,0.027099609375,0.050366758036582956,0.973384030418251,0.106689453125,0.19230137850481346
dish/dish_011,dish,24,ok,0.227294921875,0.625244140625,0.997802734375,152,0.1725701129072986,0.07894736842105263,0.00244140625,0.00473634354278497,0.3026315789473684,0.0146484375,0.02794427344889033,0.9539473684210527,0.124267578125,0.2198907175459713
dish/dish_015,dish,24,ok,0.15234375,0.445556640625,0.974609375,416,0.13999048486837284,0.019230769230769232,0.001953125,0.0035460992907801418,0.2283653846153846,0.0244140625,0.04411218424962853,0.9567307692307693,0.181640625,0.3053154282697638
doll/doll_019,doll,24,ok,0.212890625,0.627197265625,0.998779296875,8600,0.06362992241591818,0.13453488372093023,0.192626953125,0.15842339675084463,0.5654651162790698,0.437744140625,0.4934743966435841,0.9966279069767442,0.686279296875,0.8128375678475697
doll/doll_030,doll,24,ok,0.172607421875,0.554931640625,0.993896484375,1484,0.1785602563328797,0.06940700808625337,0.022705078125,0.03421682443293445,0.5047169811320755,0.101806640625,0.1694362378388231,0.9952830188679245,0.25048828125,0.4002447844639516
doll/doll_032,doll,24,ok,0.21875,0.63037109375,0.998779296875,5797,0.06624784686240144,0.11074693807141625,0.123779296875,0.1169010207209532,0.5399344488528549,0.435302734375,0.4820057028403779,0.9962049335863378,0.72802734375,0.8412607061850434
doll/doll_074,doll,24,ok,0.336181640625,0.828125,1.0,889,0.08164514621989888,0.29358830146231724,0.056640625,0.09496088775695834,0.8278965129358831,0.164794921875,0.2748752258466813,0.9977502812148481,0.44970703125,0.6199772705281471
dustbin/dustbin_003,dustbin,24,ok,0.18212890625,0.552978515625,0.9921875,1904,0.2730023260655247,0.07510504201680672,0.0244140625,0.036849591819906,0.3807773109243697,0.072509765625,0.12182157841615258,0.9873949579831933,0.1474609375,0.25660030805053186
dustbin/dustbin_015,dustbin,24,ok,0.152099609375,0.493896484375,0.98486328125,3268,0.1177059861145219,0.04589963280293757,0.0283203125,0.03502810300678015,0.30997552019583846,0.135009765625,0.18809485915440938,0.9519583843329253,0.41845703125,0.581361935734001
dustbin/dustbin_018,dustbin,24,ok,0.15625,0.46875,0.984130859375,1272,0.22721988835908755,0.055031446540880505,0.01220703125,0.01998173098881023,0.2727987421383648,0.04541015625,0.07785975545025527,0.9874213836477987,0.129638671875,0.22918731383187102
dustbin/dustbin_020,dustbin,24,ok,0.189208984375,0.561279296875,0.9921875,421,0.33848320200636023,0.0498812351543943,0.00390625,0.00724512678971882,0.44655581947743467,0.0205078125,0.03921471247013951,0.9928741092636579,0.064453125,0.12104831314252619
facial_cream/facial_cream_007,facial_cream,24,ok,0.12939453125,0.41650390625,0.960693359375,1280,0.22617830964402813,0.00859375,0.002197265625,0.0034997171945701355,0.0546875,0.015380859375,0.024009146341463415,0.671875,0.1962890625,0.30381749156355453
facial_cream/facial_cream_021,facial_cream,24,ok,0.12353515625,0.412109375,0.957763671875,3939,0.1912148690411396,0.0030464584920030465,0.0029296875,0.0029869321717486005,0.050012693577050016,0.02880859375,0.03655853438744875,0.7616146230007617,0.24755859375,0.37366081842037285
facial_cream/facial_cream_034,facial_cream,24,ok,0.275146484375,0.73046875,0.99951171875,2307,0.108193053974499,0.13003901170351106,0.050537109375,0.07278698554633314,0.5786736020806242,0.179931640625,0.2745082283834134,0.9978326831382748,0.39599609375,0.5669819009204047
facial_cream/facial_cream_035,facial_cream,24,ok,0.10986328125,0.366455078125,0.946533203125,1096,0.31341320992613836,0.043795620437956206,0.008544921875,0.014299819549896156,0.28193430656934304,0.036865234375,0.06520444953743816,0.9534671532846716,0.10498046875,0.1891362909335803
fan/fan_005,fan,24,ok,0.650390625,0.988037109375,1.0,474,0.059497025562602314,0.580168776371308,0.08056640625,0.14148516549476933,0.9683544303797469,0.234130859375,0.377088446563267,1.0,0.581298828125,0.735216921414235
fan/fan_009,fan,24,ok,0.355224609375,0.820556640625,1.0,650,0.07818628497149782,0.15692307692307692,0.022216796875,0.038922971765958964,0.6923076923076923,0.132568359375,0.22252578375794002,0.9923076923076923,0.51123046875,0.6748055218310176
fan/fan_010,fan,24,ok,0.65283203125,0.984375,1.0,562,0.05645140579505926,0.23309608540925267,0.038818359375,0.066553342684692,0.8167259786476868,0.217041015625,0.34294582217287856,1.0,0.7060546875,0.8277046365197481
fan/fan_012,fan,24,ok,0.687255859375,0.988525390625,1.0,1180,0.07110114919528107,0.19322033898305085,0.047607421875,0.07639254012927968,0.4940677966101695,0.17138671875,0.25449270099318233,0.9686440677966102,0.6162109375,0.7532412329531094
fire_extinguisher/fire_extinguisher_004,fire_extinguisher,24,ok,0.31640625,0.78515625,1.0,1493,0.08749838161741598,0.2672471533824514,0.080322265625,0.12352005480119746,0.7488278633623576,0.2060546875,0.3231800418534717,0.9959812458137978,0.493896484375,0.6603382624539695
fire_extinguisher/fire_extinguisher_008,fire_extinguisher,24,ok,0.322265625,0.809326171875,1.0,2364,0.10482791063869508,0.0994077834179357,0.04248046875,0.05952415612244303,0.5740270727580372,0.16064453125,0.25103545454852155,0.9949238578680203,0.41796875,0.5886464107781911
fire_extinguisher/fire_extinguisher_012,fire_extinguisher,24,ok,0.33984375,0.804443359375,1.0,874,0.10085330735868571,0.21967963386727687,0.039794921875,0.06738336128772497,0.7356979405034325,0.134521484375,0.22745338975161958,0.9977116704805492,0.40966796875,0.5808390317020636
fire_extinguisher/fire_extinguisher_019,fire_extinguisher,24,ok,0.44482421875,0.904541015625,1.0,785,0.09605387195934613,0.39490445859872614,0.070556640625,0.11972270942954982,0.8764331210191083,0.161865234375,0.2732625970382534,0.9936305732484076,0.39794921875,0.5682958499741867
flash_light/flash_light_003,flash_light,24,ok,0.26953125,0.714599609375,0.99951171875,1295,0.10276769100579736,0.077992277992278,0.0234375,0.03604353773865462,0.3752895752895753,0.11279296875,0.1734543710065795,0.9644787644787645,0.4384765625,0.6028721301676869
flash_light/flash_light_005,flash_light,24,ok,0.371337890625,0.827392578125,1.0,1919,0.05683470154771114,0.21521625846795206,0.09521484375,0.132021451949093,0.7576862949452841,0.32373046875,0.45363850027611186,0.9979155810317873,0.70263671875,0.8246404765506455
flash_light/flash_light_006,flash_light,24,ok,0.33447265625,0.81396484375,1.0,2953,0.07833844688930305,0.20149001015916018,0.10205078125,0.13548237029596288,0.6766000677277345,0.260498046875,0.37616764650793644,0.998306806637318,0.512939453125,0.6776803504255451
flash_light/flash_light_007,flash_light,24,ok,0.28955078125,0.755615234375,0.999755859375,245,0.18020981668048408,0.1306122448979592,0.0078125,0.0147431467403824,0.6040816326530613,0.041748046875,0.07809869727497018,0.9877551020408163,0.18505859375,0.3117162952804811
fork/fork_001,fork,24,ok,0.8623046875,0.99658203125,1.0,135,0.0805632613222867,0.6296296296296297,0.03955078125,0.074426397859633,0.9037037037037037,0.16748046875,0.28258953744753695,0.9777777777777777,0.673828125,0.7978345991117651
fork/fork_002,fork,24,gt_unreliable,,,,,,,,,,,,,,
fork/fork_003,fork,24,ok,0.76123046875,0.999267578125,1.0,282,0.04964644071736592,0.549645390070922,0.05322265625,0.09704806162365227,0.9184397163120568,0.232666015625,0.37127729183745606,0.9964539007092199,0.7626953125,0.8640434972617356
glasses/glasses_001,glasses,24,ok,0.28564453125,0.785400390625,0.999755859375,1456,0.06081952223799775,0.14697802197802198,0.045654296875,0.06966824974582526,0.6092032967032966,0.236572265625,0.3408010601076602,0.9951923076923077,0.753662109375,0.8577486227892143
glasses/glasses_002,glasses,24,gt_unreliable,,,,,,,,,,,,,,
glasses/glasses_003,glasses,24,ok,0.429931640625,0.886962890625,1.0,750,0.07044892981877049,0.19866666666666666,0.03369140625,0.057612453838868934,0.776,0.1787109375,0.2905165994288193,0.996,0.643798828125,0.7820759739726075
glasses/glasses_004,glasses,24,ok,0.419189453125,0.924560546875,1.0,7122,0.03487914286755542,0.2226902555461949,0.228515625,0.22556533556675779,0.7975287840494243,0.611572265625,0.6922803520371411,0.9990171300196574,0.982177734375,0.9905258679986793
glasses_case/glasses_case_003,glasses_case,24,ok,0.256103515625,0.713134765625,0.99951171875,44,0.3390124476884837,0.09090909090909091,0.000732421875,0.0014531363526277547,0.5454545454545454,0.00634765625,0.01254927198133698,1.0,0.038330078125,0.07383023747942628
glasses_case/glasses_case_012,glasses_case,24,ok,0.22802734375,0.65380859375,0.998046875,72,0.406568996099821,0.05555555555555555,0.001220703125,0.0023889154323936935,0.5,0.00927734375,0.01821668264621285,1.0,0.03857421875,0.07428302773859896
glasses_case/glasses_case_013,glasses_case,24,ok,0.275146484375,0.711181640625,0.998779296875,4752,0.12987466831979855,0.12352693602693603,0.093505859375,0.10644006393382394,0.5757575757575758,0.275634765625,0.3727982899001573,0.9981060606060606,0.439697265625,0.6104652808150454
glasses_case/glasses_case_017,glasses_case,24,ok,0.278076171875,0.7236328125,0.99951171875,3630,0.08812194040779092,0.16446280991735537,0.120361328125,0.13899778554497835,0.6137741046831956,0.31201171875,0.41371277995220934,0.9980716253443526,0.57861328125,0.7325464912458812
hair_dryer/hair_dryer_005,hair_dryer,24,gt_unreliable,,,,,,,,,,,,,,
hair_dryer/hair_dryer_006,hair_dryer,24,ok,0.37158203125,0.8662109375,1.0,997,0.1072834787976337,0.21263791374122368,0.04248046875,0.07081385638731848,0.7552657973921765,0.114990234375,0.19959227603672047,0.995987963891675,0.295166015625,0.4553783724887871
hair_dryer/hair_dryer_009,hair_dryer,24,ok,0.3466796875,0.82666015625,1.0,674,0.1638041578165148,0.04451038575667656,0.006591796875,0.011483009399055841,0.2893175074183976,0.0439453125,0.07630103038998304,0.6068249258160238,0.230712890625,0.3343188331082945
hair_dryer/hair_dryer_031,hair_dryer,24,ok,0.3623046875,0.83251953125,1.0,2128,0.1423311260550494,0.02819548872180451,0.0146484375,0.019280205655526992,0.13016917293233082,0.06689453125,0.08837351193248506,0.39473684210526316,0.315673828125,0.3508057952140648
hairpin/hairpin_002,hairpin,24,ok,0.388916015625,0.85595703125,1.0,496,0.0739693504737255,0.18951612903225806,0.0244140625,0.04325577970843764,0.719758064516129,0.137939453125,0.23151060078782815,0.9939516129032258,0.506103515625,0.6706985577856996
hairpin/hairpin_003,hairpin,24,ok,0.254638671875,0.70263671875,0.9990234375,745,0.1115387544214859,0.10335570469798658,0.0185546875,0.03146135070911691,0.4483221476510067,0.08154296875,0.13798801900433796,0.9986577181208054,0.377197265625,0.547573639694087
hairpin/hairpin_005,hairpin,24,ok,0.341064453125,0.815673828125,1.0,960,0.06766811032278938,0.13333333333333333,0.033935546875,0.05410139145665077,0.634375,0.1806640625,0.2812350227653966,0.9979166666666667,0.598876953125,0.7485366742434281
hairpin/hairpin_025,hairpin,24,ok,0.220947265625,0.658203125,0.999755859375,1711,0.0798770175172218,0.15663354763296317,0.055908203125,0.0824035763893318,0.6095850379894798,0.218994140625,0.3222276276736535,0.9988310929281122,0.573486328125,0.7286263806919611
hammer/hammer_014,hammer,24,ok,0.61376953125,0.97509765625,1.0,849,0.0480713416477923,0.36042402826855124,0.087890625,0.1413199094813652,0.9234393404004712,0.31396484375,0.4686059606635065,0.9976442873969376,0.77001953125,0.8691761164446471
hammer/hammer_018,hammer,24,ok,0.5322265625,0.956298828125,1.0,1504,0.040227887380909294,0.46808510638297873,0.169189453125,0.24854299291670404,0.9361702127659575,0.44189453125,0.6003905101510023,0.9980053191489362,0.836181640625,0.9099549210853491
hammer/hammer_019,hammer,24,ok,0.61474609375,0.9794921875,1.0,679,0.07161426901385182,0.13107511045655376,0.0234375,0.039764688361009756,0.4653902798232695,0.140869140625,0.2162741775639798,0.9484536082474226,0.651611328125,0.7724975421762554
hammer/hammer_024,hammer,24,ok,0.85498046875,0.99951171875,1.0,276,0.04337079621534737,0.6304347826086957,0.072998046875,0.13084549336793977,0.9420289855072463,0.25927734375,0.40663528885066474,0.9927536231884058,0.813720703125,0.8943655213072884
hand_cream/hand_cream_014,hand_cream,24,ok,0.3984375,0.879150390625,1.0,678,0.10026818369722787,0.3480825958702065,0.044189453125,0.07842302092761531,0.8702064896755162,0.120361328125,0.21147307020917563,0.9970501474926253,0.2978515625,0.4586802875149886
hand_cream/hand_cream_016,hand_cream,24,ok,0.30810546875,0.781005859375,1.0,2725,0.07722094349388846,0.2612844036697248,0.132568359375,0.1758933691717544,0.7559633027522936,0.269287109375,0.3971150270875834,0.998165137614679,0.515625,0.679987121456033
hand_cream/hand_cream_019,hand_cream,24,ok,0.374755859375,0.84814453125,1.0,617,0.10489219739970825,0.20583468395461912,0.0224609375,0.04050222200653082,0.6239870340356564,0.0849609375,0.14955829067309043,0.9951377633711507,0.340576171875,0.5074742442883005
hand_cream/hand_cream_035,hand_cream,24,ok,0.35498046875,0.836181640625,1.0,2019,0.06085972173912464,0.26201089648340764,0.095458984375,0.13993511292995464,0.8073303615651313,0.267578125,0.4019392294379852,1.0,0.629150390625,0.7723662520605424
house/house_018,house,24,ok,0.179443359375,0.559814453125,0.992919921875,4772,0.10237499450275869,0.04610226320201174,0.039306640625,0.042434102546285754,0.22485331098072087,0.169189453125,0.19308974651272576,0.9547359597652976,0.5947265625,0.7329081243168453
house/house_028,house,24,ok,0.178955078125,0.53369140625,0.989990234375,1343,0.09403090855955401,0.05212211466865227,0.01611328125,0.024616499448526473,0.35443037974683544,0.109130859375,0.16687888747408353,0.9843633655994043,0.529541015625,0.688631042790127
house/house_030,house,24,ok,0.158203125,0.512939453125,0.991455078125,3157,0.08873140523133674,0.13430471967057334,0.0634765625,0.08620837966720939,0.5251821349382325,0.1953125,0.28473393348422976,0.9955654101995566,0.53564453125,0.6965330527703124
house/house_039,house,24,ok,0.18115234375,0.5556640625,0.995849609375,2604,0.08369358743616027,0.057219662058371736,0.03271484375,0.04162878945832117,0.3932411674347158,0.2041015625,0.2687272572029844,0.9911674347158218,0.62060546875,0.7632885862627873
kennel/kennel_001,kennel,24,ok,0.10107421875,0.392822265625,0.974853515625,2614,0.14205141854085754,0.04437643458301454,0.0244140625,0.03149879978711156,0.2750573833205815,0.106201171875,0.15323677878667769,0.9200459066564652,0.304443359375,0.45749991342841917
kennel/kennel_002,kennel,24,ok,0.08984375,0.338623046875,0.912353515625,3251,0.15314112952634437,0.03291294986158105,0.020263671875,0.02508385055888604,0.22085512150107658,0.09375,0.13162638638516302,0.9040295293755768,0.3154296875,0.4676790301726103
kennel/kennel_003,kennel,24,ok,0.114990234375,0.422119140625,0.953857421875,8063,0.15688045918450608,0.061391541609822645,0.07470703125,0.06739791198625612,0.2985241225350366,0.17236328125,0.21854310342055935,0.9042539997519534,0.29052734375,0.4397633325161118
kennel/kennel_004,kennel,24,ok,0.259521484375,0.719482421875,0.999755859375,734,0.13643418041697516,0.13896457765667575,0.019775390625,0.03462365321029406,0.5204359673024523,0.076904296875,0.13400657726955337,0.9959128065395095,0.2763671875,0.4326683161379783
kettle/kettle_002,kettle,24,ok,0.1982421875,0.571044921875,0.996337890625,2151,0.1710486163456724,0.08647140864714087,0.02685546875,0.04098286771908107,0.401208740120874,0.095458984375,0.15422374744880413,0.9846582984658299,0.31787109375,0.48059477532539846
kettle/kettle_006,kettle,24,ok,0.166748046875,0.510498046875,0.993408203125,455,0.21995530496010382,0.04835164835164835,0.004638671875,0.008465222718389584,0.2813186813186813,0.028076171875,0.051056774647814045,0.989010989010989,0.1494140625,0.25960804275897176
kettle/kettle_008,kettle,24,ok,0.175048828125,0.542724609375,0.994873046875,541,0.19287658000703384,0.04251386321626617,0.004638671875,0.008364676945457328,0.19963031423290203,0.020263671875,0.03679266773520279,0.9297597042513863,0.155517578125,0.2664645796819417
kettle/kettle_016,kettle,24,ok,0.1865234375,0.575927734375,0.99560546875,3607,0.14390787476270744,0.06487385639035209,0.033935546875,0.044561139360079244,0.40144164125311893,0.11181640625,0.17491303589839077,0.984751871361242,0.310546875,0.4721870026674893
keyboard/keyboard_004,keyboard,24,ok,0.3173828125,0.779296875,1.0,937,0.0915032295664418,0.2198505869797225,0.0498046875,0.08121176047709784,0.7001067235859125,0.182861328125,0.2899820555366534,0.9850586979722519,0.5390625,0.6968057462649824
keyboard/keyboard_011,keyboard,24,ok,0.34521484375,0.835693359375,1.0,463,0.12599051709779927,0.31533477321814257,0.027099609375,0.049909995087841406,0.8812095032397408,0.108154296875,0.19266238407228783,0.9935205183585313,0.401123046875,0.5715065661097014
keyboard/keyboard_014,keyboard,24,ok,0.32080078125,0.804931640625,1.0,760,0.07518512048105258,0.25921052631578945,0.04638671875,0.07869132314109356,0.756578947368421,0.162841796875,0.26800064288010284,0.9960526315789474,0.423828125,0.5946346089802065
keyboard/keyboard_015,keyboard,24,ok,0.3896484375,0.858154296875,1.0,407,0.07802675782867508,0.28746928746928746,0.025390625,0.04666001994017946,0.8304668304668305,0.100830078125,0.17982672254932083,0.9901719901719902,0.4140625,0.5839382133825438
knife/knife_001,knife,24,ok,0.542724609375,0.959228515625,1.0,176,0.1015293697874049,0.48863636363636365,0.025634765625,0.04871390962841483,0.9602272727272727,0.084716796875,0.15569709649327754,1.0,0.31787109375,0.482400889218229
knife/knife_004,knife,24,ok,0.378173828125,0.854248046875,1.0,1039,0.0855948506659168,0.1482194417709336,0.032958984375,0.05392653385193419,0.5543792107795957,0.122314453125,0.20041148190781763,0.9412897016361886,0.4541015625,0.6126469833430666
knife/knife_009,knife,24,ok,0.4873046875,0.935302734375,1.0,744,0.05889375273174748,0.40860215053763443,0.0771484375,0.1297909595970514,0.907258064516129,0.240966796875,0.3807948723224757,1.0,0.583984375,0.7373612823674476
knife/knife_024,knife,24,ok,0.71240234375,0.99267578125,1.0,344,0.06345343379434441,0.6308139534883721,0.0673828125,0.12175942490973556,0.9825581395348837,0.233154296875,0.37687802691001815,0.997093023255814,0.616455078125,0.761877575292673
laptop/laptop_001,laptop,24,ok,0.285888671875,0.70458984375,0.999755859375,272,0.16942189930280943,0.1948529411764706,0.0107421875,0.02036183291422185,0.75,0.04296875,0.0812807881773399,0.9926470588235294,0.142578125,0.24934217184495497
laptop/laptop_003,laptop,24,ok,0.24560546875,0.707763671875,0.999755859375,362,0.16509909909873843,0.22099447513812154,0.01318359375,0.024882785950441785,0.6546961325966851,0.044677734375,0.08364722014892989,0.9972375690607734,0.139404296875,0.24461390398953817
laptop/laptop_004,laptop,24,ok,0.24658203125,0.684814453125,1.0,846,0.13822255893473484,0.09101654846335698,0.017333984375,0.02912176594985325,0.4598108747044917,0.071044921875,0.12307382864101156,0.9976359338061466,0.243896484375,0.3919670455290321
light/light_004,light,24,ok,0.135986328125,0.4443359375,0.976318359375,3699,0.1456449097237945,0.009732360097323601,0.0087890625,0.009236690186016677,0.2570965125709651,0.154541015625,0.19304341049996607,0.9624222762908894,0.48828125,0.6478687665379421
light/light_011,light,24,ok,0.23681640625,0.701416015625,0.999755859375,851,0.1975874954413722,0.136310223266745,0.02734375,0.04555016408156396,0.6051703877790834,0.139404296875,0.22660816741871365,0.9835487661574618,0.530517578125,0.6892563345854867
light/light_022,light,24,ok,0.10791015625,0.37060546875,0.9453125,864,0.22734139734906242,0.028935185185185185,0.00537109375,0.009060358460727464,0.19328703703703703,0.026611328125,0.04678183724659731,0.8391203703703703,0.1513671875,0.25647023918203393
light/light_028,light,24,ok,0.10595703125,0.363037109375,0.942138671875,381,0.3193058993818252,0.03937007874015748,0.004150390625,0.007509165599187244,0.2545931758530184,0.023193359375,0.04251373103548501,0.937007874015748,0.094482421875,0.17165604680071486
lipstick/lipstick_004,lipstick,24,ok,0.276611328125,0.7431640625,0.999755859375,1439,0.0832507695075499,0.21195274496177902,0.067626953125,0.10253761947905282,0.6678248783877693,0.2041015625,0.31265045940466135,0.9944405837387075,0.497314453125,0.6630440827698777
lipstick/lipstick_005,lipstick,24,ok,0.342529296875,0.804443359375,1.0,1390,0.08898122169244457,0.12805755395683452,0.0400390625,0.06100425475002299,0.516546762589928,0.173828125,0.26012057167746055,0.9532374100719424,0.520263671875,0.6731380128711727
lipstick/lipstick_028,lipstick,24,ok,0.31640625,0.773681640625,1.0,1820,0.07746503942937238,0.2412087912087912,0.094970703125,0.13628296125810213,0.7357142857142858,0.281494140625,0.40719139802642856,0.9989010989010989,0.563720703125,0.7207133921909247
lipstick/lipstick_031,lipstick,24,ok,0.413818359375,0.8779296875,1.0,497,0.11064956931629401,0.33601609657947684,0.0419921875,0.07465471803055426,0.8249496981891348,0.11279296875,0.19845215283183534,1.0,0.30322265625,0.4653428250281004
medicine_bottle/medicine_bottle_006,medicine_bottle,24,ok,0.193359375,0.59130859375,0.99755859375,1341,0.14520454657090043,0.1401938851603281,0.03271484375,0.0530501967902862,0.5339299030574198,0.100830078125,0.16962693123239492,0.9917971662938105,0.253173828125,0.4033782095161997
medicine_bottle/medicine_bottle_033,medicine_bottle,24,ok,0.14306640625,0.48095703125,0.982666015625,6718,0.13454176126577802,0.06847275974992557,0.0673828125,0.06792341388984595,0.3882107770169693,0.2275390625,0.2869123484437494,0.9693361119380768,0.455078125,0.6193755283769281
medicine_bottle/medicine_bottle_074,medicine_bottle,24,ok,0.176025390625,0.5517578125,0.99267578125,4616,0.10598042654070902,0.09055459272097054,0.067626953125,0.0774291484438738,0.48353552859618715,0.214599609375,0.29726776353708895,0.9889514731369151,0.44287109375,0.6117769487682767
medicine_bottle/medicine_bottle_080,medicine_bottle,24,ok,0.138427734375,0.43115234375,0.97607421875,3082,0.19335517378386205,0.005191434133679429,0.003662109375,0.004294687114149205,0.2345879299156392,0.095458984375,0.13569904499492375,0.9354315379623621,0.2607421875,0.40781110681981814
microwaveoven/microwaveoven_003,microwaveoven,24,ok,0.159423828125,0.50048828125,0.982666015625,3014,0.1454873107577429,0.057398805573988056,0.030029296875,0.039430016769662665,0.3360982083609821,0.109130859375,0.16476321503151273,0.971134704711347,0.34130859375,0.5050985757562816
microwaveoven/microwaveoven_004,microwaveoven,24,ok,0.15283203125,0.50830078125,0.981689453125,4023,0.1513969404249444,0.049714143673875215,0.033935546875,0.040336709960918364,0.36539895600298283,0.14404296875,0.20663062007054459,0.9736515038528462,0.3427734375,0.5070427677550824
microwaveoven/microwaveoven_009,microwaveoven,24,ok,0.151123046875,0.5009765625,0.98681640625,8275,0.17340976268293304,0.03311178247734139,0.043701171875,0.03767655363162845,0.2111178247734139,0.15576171875,0.1792636075026606,0.7053776435045317,0.336181640625,0.4553461662083537
microwaveoven/microwaveoven_010,microwaveoven,24,ok,0.155517578125,0.5087890625,0.987548828125,3816,0.15888953677112364,0.047431865828092244,0.028564453125,0.03565607720853173,0.3618972746331237,0.117919921875,0.17787982032357544,0.9832285115303984,0.284912109375,0.4418022805984462
monitor/monitor_001,monitor,24,ok,0.149169921875,0.4794921875,0.98388671875,776,0.19065610544116132,0.05798969072164949,0.00927734375,0.01599565965726259,0.3646907216494845,0.04833984375,0.08536459031577921,0.9845360824742269,0.1806640625,0.30530426743392347
monitor/monitor_002,monitor,24,ok,0.241943359375,0.659912109375,0.998779296875,775,0.10635741695060415,0.1432258064516129,0.02392578125,0.04100217487175041,0.5096774193548387,0.08837890625,0.15063709197406333,0.9961290322580645,0.31689453125,0.4808258610356564
monitor/monitor_003,monitor,24,ok,0.23681640625,0.66259765625,0.99853515625,1129,0.10324451103761031,0.12843224092116917,0.03369140625,0.05337978610738381,0.5943312666076174,0.11962890625,0.1991685308996234,0.9991142604074402,0.345703125,0.5136711137181956
monitor/monitor_004,monitor,24,ok,0.169921875,0.539794921875,0.992431640625,1022,0.14584910981452967,0.04403131115459882,0.009033203125,0.01499095140770886,0.29354207436399216,0.049072265625,0.08408740069528986,0.9823874755381604,0.2373046875,0.38226883791037897
mouse/mouse_002,mouse,24,ok,0.153076171875,0.55029296875,0.99169921875,2178,0.14046206009241238,0.025711662075298437,0.010498046875,0.01490883199702814,0.13406795224977044,0.04296875,0.06507952588390234,0.6000918273645547,0.253173828125,0.3561084269195006
mouse/mouse_004,mouse,24,ok,0.2412109375,0.646240234375,0.998779296875,2733,0.07747921503741409,0.15550676911818515,0.089599609375,0.11369223317495265,0.6051957555799488,0.316650390625,0.41576454638966964,0.9981705085986096,0.63427734375,0.7756657438002013
mouse/mouse_020,mouse,24,ok,0.24169921875,0.646728515625,0.998779296875,119,0.21765745112214716,0.23529411764705882,0.005859375,0.011434016198189614,0.6554621848739496,0.01953125,0.037932208335359624,1.0,0.08740234375,0.1607543780871127
mouse/mouse_028,mouse,24,ok,0.181640625,0.577392578125,0.995361328125,349,0.2242273887806034,0.03724928366762178,0.003173828125,0.005849268841394826,0.3868194842406877,0.029052734375,0.054046234509858015,0.9914040114613181,0.135009765625,0.2376555151399225
ornaments/ornaments_001,ornaments,24,ok,0.222412109375,0.63525390625,0.99755859375,679,0.12489612185872097,0.11634756995581738,0.017333984375,0.03017270362809413,0.5125184094256259,0.081787109375,0.14106346948616136,0.9852724594992637,0.312255859375,0.4742202448828029
ornaments/ornaments_003,ornaments,24,ok,0.34765625,0.822509765625,0.999755859375,309,0.13560311651838436,0.07119741100323625,0.00537109375,0.009988649262202044,0.6731391585760518,0.053466796875,0.09906495918507154,0.9935275080906149,0.203125,0.33729135854637654
ornaments/ornaments_005,ornaments,24,ok,0.255615234375,0.665283203125,0.99951171875,1144,0.09944687445400141,0.1652097902097902,0.042724609375,0.0678918328639577,0.6276223776223776,0.166259765625,0.26288121049722685,0.9903846153846154,0.4326171875,0.6021881433775009
ornaments/ornaments_007,ornaments,24,ok,0.21728515625,0.623046875,0.997802734375,3206,0.09820876527773631,0.03212726138490331,0.01806640625,0.023127385713332078,0.23112913287585776,0.110107421875,0.1491577182271445,0.9107922645040549,0.44189453125,0.5950736298342977
pan/pan_001,pan,24,ok,0.283935546875,0.800048828125,1.0,82,0.2481865110431804,0.0,0.0,0.0,0.14634146341463414,0.006103515625,0.011718292254208819,0.7682926829268293,0.066162109375,0.12183251864273736
pan/pan_002,pan,24,ok,0.326416015625,0.81201171875,1.0,12,0.5413978517616775,0.08333333333333333,0.00048828125,0.000970873786407767,0.4166666666666667,0.001953125,0.0038880248833592537,1.0,0.033203125,0.06427221172022685
pan/pan_003,pan,24,ok,0.26611328125,0.77392578125,1.0,133,0.22757215388470764,0.13533834586466165,0.003662109375,0.007131254704647201,0.556390977443609,0.024169921875,0.04632735849951466,0.9849624060150376,0.156005859375,0.2693500095726419
pan/pan_004,pan,24,ok,0.318603515625,0.80029296875,1.0,101,0.17930679409855282,0.10891089108910891,0.00341796875,0.00662793199913923,0.6237623762376238,0.022216796875,0.042905414254655945,0.9900990099009901,0.11865234375,0.21190967241206402
pen/pen_001,pen,24,ok,0.60302734375,0.980224609375,1.0,573,0.06192996867476413,0.5026178010471204,0.07177734375,0.12561586220708992,0.9493891797556719,0.209228515625,0.3428901347229143,0.9947643979057592,0.57275390625,0.7269518871817118
pen/pen_003,pen,24,ok,0.64208984375,0.98388671875,1.0,914,0.05592871686695574,0.5185995623632386,0.1201171875,0.19505585498780525,0.9442013129102844,0.29296875,0.4471842419803923,0.9945295404814004,0.635986328125,0.7758369027137557
pen/pen_004,pen,24,ok,0.600830078125,0.9775390625,1.0,664,0.05658771825857474,0.5060240963855421,0.101318359375,0.16883236389525225,0.9231927710843374,0.275634765625,0.4245214850219475,0.9969879518072289,0.647216796875,0.7848990208899472
pen/pen_006,pen,24,ok,0.41552734375,0.887939453125,1.0,1586,0.09368717884012664,0.2723833543505675,0.0869140625,0.1317790931618688,0.819672131147541,0.247314453125,0.37997996946656515,0.998108448928121,0.46875,0.637912043628939
pillow/pillow_005,pillow,24,ok,0.222412109375,0.6708984375,0.9990234375,1613,0.07163551017060411,0.17978921264724115,0.05859375,0.08838319703357546,0.6534407935523868,0.20703125,0.31443825584766105,0.9969001859888407,0.575439453125,0.7296842025415546
pillow/pillow_007,pillow,24,ok,0.2197265625,0.595947265625,0.997314453125,1681,0.23332001833575272,0.07138607971445568,0.022216796875,0.03388720711383091,0.5014872099940512,0.100341796875,0.16722400278583596,0.9952409280190363,0.2294921875,0.37297924709715036
pillow/pillow_015,pillow,24,ok,0.25390625,0.69677734375,0.998779296875,3965,0.06533107638877925,0.16923076923076924,0.128173828125,0.14586832699763833,0.6368221941992434,0.347900390625,0.44997584809153024,0.9989911727616646,0.6689453125,0.8013140406158277
pillow/pillow_017,pillow,24,ok,0.205078125,0.6064453125,0.996337890625,1038,0.14505072913056616,0.06454720616570328,0.01513671875,0.024522710367545487,0.42003853564547206,0.08740234375,0.14469607779518506,0.9884393063583815,0.29736328125,0.4571861315070298
plant/plant_002,plant,24,ok,0.126708984375,0.4365234375,0.974609375,686,0.17139795396485705,0.06705539358600583,0.010498046875,0.01815395064107859,0.3877551020408163,0.05712890625,0.09958561989024528,0.9591836734693877,0.198974609375,0.32958050652406784
plant/plant_005,plant,24,ok,0.141845703125,0.44287109375,0.971435546875,1303,0.11744398034420495,0.056024558710667687,0.01611328125,0.02502818137899149,0.2977743668457406,0.07958984375,0.12560711728647,0.9662317728319263,0.326416015625,0.48798060581463193
plant/plant_006,plant,24,ok,0.130126953125,0.408447265625,0.974365234375,674,0.13913576088849255,0.05637982195845697,0.008056640625,0.014098600258586766,0.3456973293768546,0.04931640625,0.08631877019686093,0.9747774480712166,0.21337890625,0.35011712886125873
plant/plant_012,plant,24,ok,0.130859375,0.428955078125,0.98046875,2138,0.10022164022301089,0.0912067352666043,0.041015625,0.05658500186543962,0.37792329279700654,0.1474609375,0.212145397007555,0.9808231992516371,0.392578125,0.5607242773389952
plug/plug_001,plug,24,ok,0.17626953125,0.5712890625,0.994140625,406,0.25338464142885114,0.04433497536945813,0.00390625,0.007179896290386917,0.19458128078817735,0.017333984375,0.03183224085582135,0.7167487684729064,0.08740234375,0.15580534875164886
plug/plug_002,plug,24,ok,0.202392578125,0.579833984375,0.995361328125,781,0.23096443353596952,0.005121638924455826,0.001220703125,0.0019715116565626693,0.023047375160051217,0.006591796875,0.010251542477456098,0.7900128040973111,0.14013671875,0.23804732339761103
popcorn/popcorn_003,popcorn,24,ok,0.11328125,0.394287109375,0.957275390625,4123,0.11841393007250653,0.040261945185544504,0.03369140625,0.0366847891361267,0.30317729808391947,0.184814453125,0.22964136752920813,0.9590104292990541,0.49072265625,0.6492341934223738
popcorn/popcorn_004,popcorn,24,ok,0.112060546875,0.37744140625,0.9541015625,4633,0.19058259518238782,0.011871357651629614,0.00927734375,0.010415265090921775,0.06928556011223828,0.035400390625,0.04685893141098791,0.4098856032808116,0.190673828125,0.26027218284768444
popcorn/popcorn_030,popcorn,24,ok,0.12646484375,0.431396484375,0.970947265625,3070,0.28898355588926594,0.0026058631921824105,0.001953125,0.0022327658386826683,0.024755700325732898,0.014404296875,0.018211873459159346,0.19771986970684038,0.095458984375,0.12875511101973014
popcorn/popcorn_033,popcorn,24,ok,0.156494140625,0.488525390625,0.988037109375,3929,0.22066235893407293,0.003563247645711377,0.002685546875,0.0030627566798922066,0.023670145075082718,0.0166015625,0.019515506866224344,0.19419699669127005,0.1220703125,0.14990919000312
potato_chips/potato_chips_002,potato_chips,24,ok,0.342041015625,0.824951171875,1.0,2239,0.03803834983553095,0.25368468066100935,0.13720703125,0.1780918901397717,0.778472532380527,0.481201171875,0.5947602043108456,1.0,0.962890625,0.981094527363184
potato_chips/potato_chips_004,potato_chips,24,ok,0.194091796875,0.6025390625,0.9990234375,3982,0.04724173916652777,0.10773480662983426,0.093017578125,0.09983672975751347,0.49949773982923157,0.395263671875,0.4413093997026957,0.9947262682069312,0.933837890625,0.9633208994345837
potato_chips/potato_chips_007,potato_chips,24,ok,0.243896484375,0.711669921875,0.998779296875,4085,0.039362891722871635,0.17821297429620564,0.15283203125,0.16454953496038527,0.7297429620563035,0.52880859375,0.613235664099158,0.9975520195838433,0.94921875,0.9727853899221703
potato_chips/potato_chips_010,potato_chips,24,ok,0.204345703125,0.6005859375,0.997802734375,213,0.15867701375763982,0.11737089201877934,0.005615234375,0.01071771405138911,0.4835680751173709,0.027587890625,0.05219785764098333,0.9906103286384976,0.138671875,0.24328691486338355
power_strip/power_strip_011,power_strip,24,ok,0.24267578125,0.707275390625,0.999755859375,124,0.22237411378382474,0.1532258064516129,0.004150390625,0.008081869589150779,0.5967741935483871,0.022216796875,0.042838785195363695,1.0,0.110107421875,0.19837255333186715
power_strip/power_strip_017,power_strip,24,ok,0.427734375,0.895751953125,1.0,1405,0.04830840642900664,0.37935943060498223,0.1328125,0.1967451606249118,0.8754448398576512,0.380615234375,0.5305600420558969,0.9971530249110321,0.777587890625,0.8737885180685296
power_strip/power_strip_023,power_strip,24,ok,0.383544921875,0.860595703125,1.0,636,0.07482241092835851,0.3081761006289308,0.047119140625,0.08174043069955184,0.8364779874213837,0.16748046875,0.27908271417253705,0.9984276729559748,0.480224609375,0.6485223672446216
power_strip/power_strip_031,power_strip,24,ok,0.27685546875,0.726806640625,0.999755859375,1552,0.10613857817278001,0.13208762886597938,0.042724609375,0.06456518609171406,0.538659793814433,0.16748046875,0.25551579352575937,0.9961340206185567,0.4697265625,0.6384107938819101
projector/projector_001,projector,24,ok,0.1591796875,0.478515625,0.980712890625,2680,0.12532897762070347,0.05223880597014925,0.029541015625,0.03774005257764113,0.3988805970149254,0.16357421875,0.2320064837297772,0.985820895522388,0.38818359375,0.5570280170196154
projector/projector_003,projector,24,ok,0.18115234375,0.5830078125,0.9951171875,1709,0.19080684915320129,0.05441778818022235,0.01611328125,0.024864194830289107,0.4593329432416618,0.085693359375,0.1444399390965499,0.9959040374488005,0.21435546875,0.3527796735889283
projector/projector_004,projector,24,ok,0.1240234375,0.4248046875,0.9716796875,2054,0.19870059340881338,0.0,0.0,0.0,0.04771178188899708,0.016845703125,0.02489993261331458,0.8933787731256085,0.215087890625,0.3467040771267977
projector/projector_007,projector,24,ok,0.111328125,0.414794921875,0.9716796875,1926,0.20727362356542972,0.003115264797507788,0.00146484375,0.0019926934573231483,0.05555555555555555,0.02197265625,0.031490552834149754,0.9210799584631361,0.241455078125,0.38261114948035774
puff/puff_006,puff,24,ok,0.135986328125,0.446533203125,0.97509765625,5496,0.12324747055106323,0.03384279475982533,0.041748046875,0.03738205717670621,0.23817321688500728,0.233642578125,0.23588614464319746,0.9410480349344978,0.58056640625,0.7181068488351726
puff/puff_009,puff,24,ok,0.10888671875,0.38525390625,0.9599609375,4230,0.12391212972737195,0.03404255319148936,0.0302734375,0.03204755443561414,0.2375886524822695,0.178955078125,0.20414517248689568,0.9371158392434988,0.565673828125,0.7054904830556782
puff/puff_014,puff,24,ok,0.119384765625,0.399658203125,0.96826171875,4262,0.1326484373999965,0.04692632566870014,0.040771484375,0.04363292430732733,0.2954012200844674,0.199462890625,0.2381323679655253,0.9528390427029564,0.545654296875,0.6939246296917984
puff/puff_022,puff,24,ok,0.119384765625,0.40576171875,0.96533203125,2699,0.1654753966053214,0.023712486105965172,0.013916015625,0.017539009632512554,0.15227862171174508,0.07666015625,0.10198100154013802,0.8569840681733976,0.394775390625,0.5405450989718341
razor/razor_002,razor,24,ok,0.5068359375,0.944091796875,1.0,810,0.05074946959857362,0.3493827160493827,0.072265625,0.11976027358091337,0.8950617283950617,0.2626953125,0.4061793833112914,0.9987654320987654,0.72998046875,0.843477642303355
razor/razor_003,razor,24,ok,0.5576171875,0.97021484375,1.0,975,0.038125424908490003,0.38564102564102565,0.105712890625,0.16593834388828047,0.9046153846153846,0.409912109375,0.5641765610472376,0.9989743589743589,0.946044921875,0.9717894611084025
razor/razor_008,razor,24,ok,0.545654296875,0.961181640625,1.0,641,0.0614411483354345,0.4290171606864275,0.060302734375,0.10574230945562754,0.9297971918876755,0.205322265625,0.33636647622703375,1.0,0.58251953125,0.7361925331687751
razor/razor_010,razor,24,ok,0.48828125,0.9306640625,1.0,565,0.05854486107355228,0.29557522123893804,0.044921875,0.07799063949887816,0.8389380530973451,0.1953125,0.3168576279797318,0.9964601769911504,0.63671875,0.7769692197626817
red_wine_glass/red_wine_glass_001,red_wine_glass,24,ok,0.2333984375,0.6650390625,0.999267578125,983,0.1186833052862052,0.10885045778229908,0.02099609375,0.035202081061953674,0.44150559511698884,0.08544921875,0.1431861221634961,0.9674465920651069,0.291748046875,0.4483034551806013
red_wine_glass/red_wine_glass_015,red_wine_glass,24,ok,0.27734375,0.75146484375,0.999755859375,1247,0.075449372907263,0.1619887730553328,0.043701171875,0.06883272019455457,0.6335204490777867,0.169921875,0.2679694094574916,0.9967923015236567,0.571533203125,0.7265072145438112
red_wine_glass/red_wine_glass_017,red_wine_glass,24,ok,0.2275390625,0.643310546875,0.99755859375,1517,0.11167703245789645,0.09492419248516809,0.028076171875,0.04333496013890216,0.4653922214897825,0.131591796875,0.20517064709784955,0.989452867501648,0.407470703125,0.577229941719838
red_wine_glass/red_wine_glass_019,red_wine_glass,24,ok,0.28759765625,0.736572265625,0.99951171875,1726,0.08664299909342396,0.23638470451911936,0.072998046875,0.11154869922944055,0.7074159907300116,0.21875,0.3341674160378465,0.9988412514484357,0.482421875,0.6506107669154553
remote_control/remote_control_017,remote_control,24,ok,0.31494140625,0.76318359375,0.999755859375,942,0.10218064878342936,0.2653927813163482,0.052734375,0.08798571372707482,0.7420382165605095,0.151123046875,0.2511060001706226,0.9989384288747346,0.41259765625,0.5839874146120055
remote_control/remote_control_020,remote_control,24,ok,0.311279296875,0.76953125,0.999755859375,6029,0.038537603895970864,0.21728313153093382,0.2490234375,0.23207304343597324,0.710233869630121,0.618408203125,0.6611478894473174,1.0,0.91015625,0.9529652351738241
remote_control/remote_control_023,remote_control,24,ok,0.35205078125,0.810791015625,1.0,1412,0.06871031897645583,0.31586402266288954,0.082275390625,0.1305464115414347,0.7988668555240793,0.259765625,0.39204946350080744,0.9971671388101983,0.597900390625,0.7475628596416147
remote_control/remote_control_025,remote_control,24,ok,0.31689453125,0.774169921875,0.999755859375,1442,0.07866640835399054,0.2447988904299584,0.07958984375,0.12012442718608754,0.7295423023578363,0.23779296875,0.35867611796622034,0.9972260748959778,0.531982421875,0.6938318006998544
ricecooker/ricecooker_001,ricecooker,24,ok,0.123291015625,0.40234375,0.9658203125,2987,0.15326309361857013,0.018747907599598258,0.0087890625,0.01196765882674202,0.28590559089387346,0.097900390625,0.14585634606116865,0.9524606628724472,0.2900390625,0.4446693904014268
ricecooker/ricecooker_003,ricecooker,24,ok,0.155029296875,0.44921875,0.9775390625,1192,0.17596416238427706,0.02936241610738255,0.007080078125,0.01140910930263927,0.3540268456375839,0.0576171875,0.0991051952807808,0.9303691275167785,0.1845703125,0.3080320140142141
ricecooker/ricecooker_004,ricecooker,24,ok,0.132568359375,0.418701171875,0.972900390625,2949,0.11929277071955127,0.03763987792472025,0.02197265625,0.027747456483155714,0.3143438453713123,0.123291015625,0.17711464695964255,0.9667683960664633,0.38671875,0.5524507074232218
ricecooker/ricecooker_006,ricecooker,24,ok,0.12109375,0.408935546875,0.957763671875,1605,0.24304041731474935,0.03364485981308411,0.0078125,0.012680521310320535,0.24049844236760123,0.04150390625,0.07079107570718257,0.9526479750778816,0.151611328125,0.2615911395416399
scissor/scissor_002,scissor,24,ok,0.55615234375,0.962158203125,1.0,1056,0.043634495922388196,0.3210227272727273,0.093994140625,0.14541218781753035,0.8892045454545454,0.369140625,0.5217034711443488,0.9981060606060606,0.836181640625,0.9099967935402945
scissor/scissor_003,scissor,24,ok,0.401611328125,0.901123046875,1.0,1991,0.04157399586063294,0.20894023103967854,0.101318359375,0.13646346673643714,0.7071823204419889,0.4169921875,0.5246329652186851,0.9984932194876946,0.94873046875,0.972975982051243
scissor/scissor_009,scissor,24,ok,0.5595703125,0.970703125,1.0,751,0.05033977490377082,0.30492676431424764,0.0595703125,0.09966929117003856,0.8362183754993342,0.269775390625,0.4079428760049181,0.996005326231691,0.767578125,0.8669982702151098
scissor/scissor_011,scissor,24,ok,0.550048828125,0.954345703125,1.0,1383,0.04213835157798617,0.373825018076645,0.122802734375,0.18487381815040874,0.9038322487346349,0.3798828125,0.5349323179978734,0.9985538684020245,0.849365234375,0.9179373049358939
shampoo/shampoo_009,shampoo,24,ok,0.12548828125,0.401123046875,0.95947265625,5898,0.22389417387303373,0.03780942692438115,0.037841796875,0.03782560497439809,0.30451000339098,0.1484375,0.19958473461032314,0.9469311631061377,0.26611328125,0.41546863365885256
shampoo/shampoo_016,shampoo,24,ok,0.27880859375,0.74853515625,1.0,831,0.15194892757030656,0.17809867629362214,0.0322265625,0.054577454951808914,0.7268351383874849,0.08935546875,0.15914590029984196,0.9975932611311673,0.21923828125,0.3594756124237111
shampoo/shampoo_023,shampoo,24,ok,0.287353515625,0.750244140625,1.0,4242,0.05336084763110367,0.14356435643564355,0.111083984375,0.12525273619562016,0.5968882602545968,0.379150390625,0.46373249016533974,0.9957567185289957,0.814453125,0.8960255895688322
shampoo/shampoo_031,shampoo,24,ok,0.287353515625,0.743896484375,0.99951171875,1710,0.12835366675698673,0.12105263157894737,0.040771484375,0.06099826898950278,0.5929824561403508,0.145751953125,0.2339903220083282,0.9982456140350877,0.335205078125,0.5018813234083914
soap/soap_009,soap,24,ok,0.2060546875,0.585205078125,0.99658203125,3228,0.14194894461016716,0.05018587360594796,0.0341796875,0.04066440036146134,0.3680297397769517,0.148681640625,0.21179818205769993,0.9944237918215614,0.3720703125,0.5415253089060038
soap/soap_019,soap,24,ok,0.19189453125,0.586181640625,0.9970703125,1061,0.16543414547418223,0.13195098963242224,0.023681640625,0.040156307985279964,0.5042412818096136,0.0869140625,0.14827120723559756,0.9915174363807728,0.247314453125,0.3958835651869456
soap/soap_020,soap,24,ok,0.19140625,0.571533203125,0.994140625,414,0.2344463171441216,0.050724637681159424,0.00341796875,0.006404391582799634,0.2391304347826087,0.020263671875,0.037361378237917915,0.9927536231884058,0.140380859375,0.24597893527264555
soap/soap_023,soap,24,ok,0.208740234375,0.58740234375,0.99755859375,5051,0.15647330736408946,0.07067907345080182,0.052490234375,0.060241649422718535,0.2872698475549396,0.130859375,0.17981021502244,0.9902989507028311,0.310791015625,0.47310489608949213
sofa/sofa_007,sofa,24,ok,0.167236328125,0.52978515625,0.982666015625,14152,0.09714609092791109,0.037167891464104014,0.07763671875,0.05026963866255377,0.29465799886941774,0.323974609375,0.30862165624875204,0.9627614471452798,0.634521484375,0.7649149821693814
sofa/sofa_011,sofa,24,ok,0.266357421875,0.70849609375,0.99853515625,74,0.3765861170405571,0.14864864864864866,0.001708984375,0.003379119673498047,0.7162162162162162,0.01708984375,0.03338312307664621,1.0,0.094482421875,0.1726522418023645
sofa/sofa_012,sofa,24,ok,0.211669921875,0.6083984375,0.998291015625,373,0.18980391296624569,0.11528150134048257,0.01025390625,0.01883270592406436,0.5308310991957105,0.03857421875,0.07192203618172247,1.0,0.173583984375,0.29581859787809445
sofa/sofa_014,sofa,24,ok,0.11767578125,0.439697265625,0.965087890625,18598,0.12661502068367123,0.06506075922142165,0.125,0.08557889525426127,0.33777825572642217,0.277587890625,0.3047393947880365,0.9569846220023659,0.4658203125,0.6266254282211238
speaker/speaker_001,speaker,24,ok,0.238525390625,0.6728515625,0.998291015625,130,0.30058205654881653,0.18461538461538463,0.0048828125,0.00951399349877111,0.6615384615384615,0.021484375,0.041617174783335535,1.0,0.0927734375,0.16979445933869527
speaker/speaker_002,speaker,24,ok,0.137451171875,0.47998046875,0.981201171875,435,0.27944162185073157,0.09655172413793103,0.0068359375,0.012767897856817145,0.41839080459770117,0.024658203125,0.04657166708681326,0.9379310344827586,0.081787109375,0.15045464977849546
speaker/speaker_005,speaker,24,ok,0.26806640625,0.697509765625,0.99951171875,15,0.4649814127315714,0.3333333333333333,0.000732421875,0.00146163215590743,1.0,0.003662109375,0.0072974945268791044,1.0,0.01611328125,0.03171552138395002
speaker/speaker_009,speaker,24,ok,0.14453125,0.483642578125,0.98583984375,1239,0.18776246486614825,0.026634382566585957,0.007080078125,0.011186506057896306,0.2736077481840194,0.05224609375,0.08773833064238158,0.9806295399515739,0.20556640625,0.3398839644258571
stool/stool_003,stool,24,gt_unreliable,,,,,,,,,,,,,,
stool/stool_004,stool,24,gt_unreliable,,,,,,,,,,,,,,
stool/stool_006,stool,24,ok,0.178955078125,0.515380859375,0.98876953125,1485,0.17797745805680076,0.022222222222222223,0.005859375,0.00927357032457496,0.1164983164983165,0.025634765625,0.04202268739307812,0.92996632996633,0.17529296875,0.29498337450165896
stool/stool_009,stool,24,ok,0.10009765625,0.396240234375,0.972900390625,945,0.18670876147121945,0.0328042328042328,0.005859375,0.009942802159619393,0.1523809523809524,0.02587890625,0.044243862990112966,0.8571428571428571,0.213623046875,0.34200840363506074
suitcase/suitcase_006,suitcase,24,ok,0.161865234375,0.510498046875,0.98974609375,1504,0.11209532312662718,0.05784574468085106,0.017578125,0.02696280991735537,0.2925531914893617,0.080078125,0.12573882011821122,0.9660904255319149,0.369384765625,0.5344301231062448
suitcase/suitcase_007,suitcase,24,ok,0.158447265625,0.53076171875,0.992431640625,1070,0.1084398601946346,0.11401869158878504,0.025146484375,0.04120526887044573,0.45981308411214955,0.097900390625,0.16143013424691385,0.985981308411215,0.37939453125,0.5479457091005104
suitcase/suitcase_008,suitcase,24,ok,0.137939453125,0.47265625,0.979736328125,123,0.4210098777247304,0.04878048780487805,0.001220703125,0.0023818030248898415,0.3983739837398374,0.0107421875,0.020920258495216285,0.991869918699187,0.0498046875,0.09484683805763677
suitcase/suitcase_009,suitcase,24,ok,0.148193359375,0.50732421875,0.987060546875,440,0.20638238716382,0.1340909090909091,0.01025390625,0.01905098714558091,0.4681818181818182,0.03857421875,0.07127590616842731,0.990909090909091,0.171875,0.29293916442707063
table/table_002,table,24,ok,0.169921875,0.536376953125,0.992431640625,2328,0.12002962473269647,0.0352233676975945,0.017333984375,0.02323409689520313,0.31915807560137455,0.125732421875,0.18039727993271493,0.9780927835051546,0.452392578125,0.6186458496452003
table/table_017,table,24,gt_unreliable,,,,,,,,,,,,,,
table/table_018,table,24,ok,0.18212890625,0.58837890625,0.99951171875,929,0.10225296532913557,0.07857911733046287,0.018310546875,0.029700311649845528,0.4155005382131324,0.074462890625,0.1262925733251591,0.9967707212055974,0.389892578125,0.5605304567849689
table/table_023,table,24,gt_unreliable,,,,,,,,,,,,,,
tape_measure/tape_measure_016,tape_measure,24,ok,0.198974609375,0.593994140625,0.996337890625,3114,0.09509451818049655,0.08349389852280026,0.04931640625,0.06200752307572427,0.48587026332691075,0.214599609375,0.2977075040064004,0.9894026974951831,0.514892578125,0.6773086560510491
tape_measure/tape_measure_021,tape_measure,24,ok,0.18017578125,0.52490234375,0.988037109375,5134,0.10344575610958909,0.046357615894039736,0.04150390625,0.04379669500570461,0.27678223607323726,0.16845703125,0.20944205605200797,0.9894818854694195,0.50244140625,0.6664641174965381
tape_measure/tape_measure_024,tape_measure,24,ok,0.195556640625,0.619873046875,0.997314453125,2425,0.10043603810323716,0.08989690721649485,0.0390625,0.05446051612580879,0.5175257731958763,0.173828125,0.2602445289701008,0.9962886597938144,0.484375,0.6518392160105134
tape_measure/tape_measure_025,tape_measure,24,ok,0.328125,0.785400390625,0.999755859375,2270,0.0980227194217697,0.08458149779735682,0.04052734375,0.0547981004975706,0.4911894273127753,0.171630859375,0.2543774390095492,0.994273127753304,0.484375,0.6514072377547505
teapot/teapot_003,teapot,24,ok,0.187744140625,0.57373046875,0.9970703125,3246,0.10738788746293947,0.04313000616142945,0.0302734375,0.035575811726902364,0.4020332717190388,0.16943359375,0.23839682105984678,0.9922982131854591,0.474853515625,0.6423279689845831
teapot/teapot_005,teapot,24,ok,0.162109375,0.520263671875,0.99072265625,1986,0.13710718746961462,0.0634441087613293,0.02490234375,0.035766167409707963,0.28197381671701915,0.085205078125,0.13086591533489528,0.9758308157099698,0.36279296875,0.5289380970800176
teapot/teapot_011,teapot,24,ok,0.14990234375,0.48876953125,0.98681640625,1663,0.15894114743309884,0.03848466626578473,0.012451171875,0.018815011658505233,0.2158749248346362,0.05810546875,0.09156504620475839,0.8851473241130488,0.31494140625,0.4645815529161002
teapot/teapot_029,teapot,24,ok,0.2099609375,0.593017578125,0.995361328125,652,0.2038402928470937,0.023006134969325152,0.003662109375,0.006318449873631003,0.18865030674846625,0.024169921875,0.04284990393345016,0.906441717791411,0.17919921875,0.29924009348450525
teddy_bear/teddy_bear_003,teddy_bear,24,ok,0.15966796875,0.536865234375,0.99169921875,2840,0.0940588257752411,0.06549295774647887,0.04052734375,0.050070704842957406,0.41725352112676056,0.200439453125,0.2707949453057589,0.9855633802816901,0.4990234375,0.662567146645123
teddy_bear/teddy_bear_005,teddy_bear,24,ok,0.201904296875,0.6240234375,0.99853515625,4816,0.0647172522036016,0.09198504983388704,0.087890625,0.08989123768983803,0.45722591362126247,0.33837890625,0.3889257598649401,0.9964700996677741,0.728759765625,0.8418441285943916
teddy_bear/teddy_bear_008,teddy_bear,24,ok,0.22802734375,0.66162109375,0.99951171875,4327,0.07512078071357617,0.1416685925583545,0.117919921875,0.12870792379307114,0.6006470996071182,0.354248046875,0.4456574372188199,0.9983822509822048,0.63671875,0.7775528221017757
teddy_bear/teddy_bear_010,teddy_bear,24,ok,0.2119140625,0.614501953125,0.99853515625,3900,0.06307566458195815,0.08538461538461538,0.075439453125,0.08010453596401496,0.4612820512820513,0.308349609375,0.36962133341315284,0.9917948717948718,0.74267578125,0.8493450494038934
thermos/thermos_001,thermos,24,ok,0.26171875,0.72607421875,0.999755859375,1902,0.09389982864786375,0.1046267087276551,0.037353515625,0.055052390811040484,0.49631966351209256,0.140380859375,0.2188588775539416,0.9963196635120926,0.4423828125,0.6127113871594234
thermos/thermos_004,thermos,24,ok,0.21044921875,0.60400390625,0.99658203125,311,0.1783805718937283,0.10932475884244373,0.0078125,0.01458288655372078,0.44694533762057875,0.032958984375,0.0613908386482565,0.9967845659163987,0.155029296875,0.26832601235649123
thermos/thermos_005,thermos,24,ok,0.2197265625,0.623779296875,0.99853515625,553,0.15719950656330292,0.10307414104882459,0.01220703125,0.02182887692343043,0.5207956600361664,0.0556640625,0.100578066555771,0.9981916817359855,0.191650390625,0.3215617100237951
thermos/thermos_006,thermos,24,ok,0.2548828125,0.684326171875,0.999267578125,2248,0.11307279754216414,0.1094306049822064,0.03955078125,0.058102102942720175,0.5231316725978647,0.16845703125,0.2548486059080254,0.9977758007117438,0.452392578125,0.6225295951312945
timer/timer_010,timer,24,ok,0.228271484375,0.638916015625,0.998779296875,786,0.14500276548376384,0.08778625954198473,0.01171875,0.020677255019478574,0.3155216284987277,0.0439453125,0.07714587898604323,0.9707379134860051,0.236572265625,0.38043192461206693
timer/timer_011,timer,24,ok,0.18798828125,0.578125,0.99755859375,677,0.1895694254950334,0.03692762186115214,0.005859375,0.010113950509068843,0.22156573116691286,0.031005859375,0.05439911819172191,0.689807976366322,0.179931640625,0.2854148034170598
timer/timer_015,timer,24,ok,0.1552734375,0.478271484375,0.98486328125,782,0.1858896201351663,0.021739130434782608,0.003662109375,0.0062682824905975765,0.2813299232736573,0.0283203125,0.05146032795876721,0.9411764705882353,0.135986328125,0.23763749083394442
timer/timer_016,timer,24,ok,0.183349609375,0.54638671875,0.996337890625,0,,0.0,0.0,0.0,0.0,0.0,0.0,0.0,0.0,0.0
tissue/tissue_004,tissue,24,ok,0.164794921875,0.52783203125,0.98974609375,4164,0.14158339932973396,0.0494716618635927,0.037109375,0.04240795718031508,0.2821805955811719,0.156494140625,0.2013319033981099,0.9707012487992315,0.4560546875,0.6205586301259979
tissue/tissue_031,tissue,24,ok,0.1796875,0.542236328125,0.9921875,3845,0.1378514515302468,0.1282184655396619,0.07080078125,0.09122703132806574,0.46319895968790636,0.15771484375,0.23530915611105852,0.9846553966189857,0.402099609375,0.5710158588044022
tissue/tissue_056,tissue,24,ok,0.177001953125,0.51806640625,0.991943359375,3619,0.13110937309453108,0.05415860735009671,0.032958984375,0.0409793856344487,0.2818458137607074,0.126953125,0.17505528235255288,0.9787234042553191,0.434814453125,0.6021247744586088
tissue/tissue_057,tissue,24,ok,0.17529296875,0.546875,0.990478515625,6589,0.0941003380063463,0.08559720746699044,0.095458984375,0.0902595200639811,0.4744270754287449,0.32861328125,0.38828195039978514,0.9908939140992563,0.59521484375,0.7437002832683038
tooth_brush/tooth_brush_003,tooth_brush,24,ok,0.826171875,1.0,1.0,391,0.04948106253006521,0.7416879795396419,0.1044921875,0.1831775369911776,0.9846547314578005,0.289306640625,0.4472147410055899,1.0,0.675048828125,0.8060049555458388
tooth_brush/tooth_brush_007,tooth_brush,24,ok,0.818603515625,0.998779296875,1.0,314,0.04749326165911058,0.6719745222929936,0.07958984375,0.14232273282158447,0.9777070063694268,0.2744140625,0.4285472998147053,0.9968152866242038,0.70068359375,0.8229190904477225
tooth_brush/tooth_brush_018,tooth_brush,24,ok,0.81201171875,0.99755859375,1.0,291,0.054182035789819595,0.6082474226804123,0.0712890625,0.127620486836452,0.9587628865979382,0.23193359375,0.3735113448522231,0.9965635738831615,0.651611328125,0.7879893246133023
tooth_brush/tooth_brush_021,tooth_brush,24,ok,0.841552734375,0.999267578125,1.0,576,0.03699060443212075,0.7638888888888888,0.140380859375,0.2371756412179391,0.9878472222222222,0.40966796875,0.5791555863969874,1.0,0.856201171875,0.9225305800341971
tooth_paste/tooth_paste_001,tooth_paste,24,ok,0.498779296875,0.932373046875,1.0,1414,0.04722364531465907,0.41654879773691655,0.132080078125,0.20056471749333912,0.9073550212164073,0.36572265625,0.5213197818085156,0.9992927864214993,0.7744140625,0.8725978442606418
tooth_paste/tooth_paste_009,tooth_paste,24,ok,0.5048828125,0.939453125,1.0,1675,0.04384299958228863,0.4101492537313433,0.16015625,0.23036062597373919,0.9062686567164179,0.420654296875,0.5746012660932255,0.9988059701492538,0.81201171875,0.895774497334038
tooth_paste/tooth_paste_027,tooth_paste,24,ok,0.4990234375,0.93701171875,1.0,1538,0.05378775229361968,0.4362808842652796,0.149658203125,0.22286621460171596,0.9154746423927178,0.33935546875,0.49516077696765637,0.9986996098829649,0.667236328125,0.799993139466079
tooth_paste/tooth_paste_028,tooth_paste,24,ok,0.431884765625,0.901611328125,1.0,793,0.05959876340983116,0.3619167717528373,0.0732421875,0.12182939356978519,0.8474148802017655,0.2294921875,0.3611734018843134,0.9962168978562421,0.615966796875,0.7612488993291231
tvstand/tvstand_001,tvstand,24,ok,0.396484375,0.864501953125,1.0,159,0.12398105967737416,0.31446540880503143,0.011474609375,0.022141299176061016,0.8364779874213837,0.0498046875,0.09401182250989253,1.0,0.222900390625,0.3645438211219804
tvstand/tvstand_002,tvstand,24,ok,0.424560546875,0.8916015625,1.0,130,0.14619102529389644,0.07692307692307693,0.002197265625,0.0042724899121765955,0.36923076923076925,0.0205078125,0.038857407193246214,0.8307692307692308,0.177734375,0.29282245329678513
tvstand/tvstand_003,tvstand,24,ok,0.251708984375,0.671875,0.999267578125,175,0.19533487748178707,0.07428571428571429,0.003173828125,0.006087567314446265,0.5485714285714286,0.0283203125,0.05386006829239981,0.9942857142857143,0.11962890625,0.2135627099369532
umbrella/umbrella_001,umbrella,24,ok,0.407470703125,0.882080078125,1.0,1087,0.0538928520067819,0.2934682612695492,0.087890625,0.1352694788520705,0.8546458141674333,0.313232421875,0.4584429608418008,0.9963201471941122,0.736572265625,0.8469790538383583
umbrella/umbrella_004,umbrella,24,ok,0.7060546875,0.99462890625,1.0,264,0.05817976629331301,0.553030303030303,0.048095703125,0.08849519402360528,0.9621212121212122,0.1904296875,0.3179320615195009,0.9962121212121212,0.59716796875,0.7467219812976498
umbrella/umbrella_017,umbrella,24,ok,0.2998046875,0.778076171875,1.0,1201,0.0760577581197053,0.13905079100749376,0.04052734375,0.06276219778627527,0.6802664446294754,0.202880859375,0.31254817914204813,0.9991673605328892,0.56201171875,0.7193841796418757
umbrella/umbrella_020,umbrella,24,ok,0.3427734375,0.818603515625,1.0,971,0.05836765777688392,0.2687950566426365,0.065185546875,0.1049255710062312,0.768280123583934,0.22900390625,0.35283659244849375,1.0,0.680419921875,0.8098212988522446
vase/vase_002,vase,24,ok,0.20849609375,0.6015625,0.996826171875,1747,0.1265962002030445,0.07899255867200916,0.02490234375,0.0378671100099268,0.455638236977676,0.125,0.19617991373998767,0.9856897538637664,0.372802734375,0.5409935478734091
vase/vase_007,vase,24,ok,0.3095703125,0.78564453125,1.0,998,0.08860837111264422,0.29158316633266534,0.06298828125,0.10359730098936126,0.7745490981963928,0.155517578125,0.25902659015122304,1.0,0.42626953125,0.5977404998288257
vase/vase_010,vase,24,ok,0.198974609375,0.59033203125,0.997314453125,1140,0.19651736938771516,0.10175438596491228,0.021240234375,0.0351444152696425,0.49298245614035086,0.091552734375,0.1544266028492166,0.9964912280701754,0.2421875,0.38966959523756833
vase/vase_011,vase,24,ok,0.345458984375,0.807861328125,1.0,998,0.11437530250612794,0.2094188376753507,0.048828125,0.07919186407796419,0.7244488977955912,0.15625,0.25705752684349004,1.0,0.361328125,0.5308464849354376
watch/watch_003,watch,24,ok,0.193603515625,0.584716796875,0.99853515625,766,0.12442176112579366,0.06788511749347259,0.012939453125,0.021735872865649278,0.41906005221932113,0.067138671875,0.11573512618439219,0.9947780678851175,0.2783203125,0.43494979961906594
watch/watch_004,watch,24,ok,0.15478515625,0.50439453125,0.98828125,1322,0.11952221061315157,0.039334341906202726,0.0107421875,0.016875645375424103,0.21104387291981846,0.049072265625,0.07962905376334925,0.8714069591527988,0.29052734375,0.4357691283155206
watch/watch_007,watch,24,ok,0.29541015625,0.756103515625,1.0,2047,0.059935267872684536,0.1895456765999023,0.080322265625,0.11283102437739509,0.7059110893991206,0.275146484375,0.3959583203303699,0.9946262823644357,0.7099609375,0.8285241138271043
watch/watch_013,watch,24,ok,0.13818359375,0.442626953125,0.978759765625,2079,0.1401876383216701,0.07936507936507936,0.03173828125,0.04534356470177886,0.3554593554593555,0.11083984375,0.168986176623913,0.9591149591149591,0.2919921875,0.44768999319310815
